{
    "lastKnownKeybindings": {
        "workbench.action.files.newUntitledFile": "Ctrl+N",
        "workbench.action.files.openFile": "Ctrl+O",
        "workbench.action.reopenClosedEditor": "Ctrl+Shift+T",
        "workbench.action.files.save": "Ctrl+S",
        "workbench.action.files.saveAs": "Ctrl+Shift+S",
        "workbench.action.files.saveAll": "Ctrl+Alt+S",
        "workbench.action.newWindow": "Ctrl+Shift+N",
        "workbench.action.closeWindow": "Ctrl+Shift+W",
        "workbench.action.closeActiveEditor": "Ctrl+W",
        "workbench.action.quit": "Ctrl+Q",
        "undo": "Ctrl+Z",
        "redo": "Ctrl+Y",
        "editor.action.clipboardCutAction": "Ctrl+X",
        "editor.action.clipboardCopyAction": "Ctrl+C",
        "editor.action.clipboardPasteAction": "Ctrl+V",
        "actions.find": "Ctrl+F",
        "editor.action.startFindReplaceAction": "Ctrl+H",
        "workbench.action.findInFiles": "Ctrl+Shift+F",
        "workbench.action.replaceInFiles": "Ctrl+Shift+H",
        "editor.emmet.action.expandAbbreviation": "Tab",
        "editor.action.commentLine": "Ctrl+/",
        "editor.action.blockComment": "Ctrl+Shift+A",
        "editor.action.insertCursorAbove": "Shift+Alt+Up",
        "editor.action.insertCursorBelow": "Shift+Alt+Down",
        "editor.action.insertCursorAtEndOfEachLineSelected": "Shift+Alt+I",
        "editor.action.addSelectionToNextFindMatch": "Ctrl+D",
        "editor.action.selectHighlights": "Ctrl+Shift+L",
        "editor.action.copyLinesUpAction": "Ctrl+Shift+Alt+Up",
        "editor.action.copyLinesDownAction": "Ctrl+Shift+Alt+Down",
        "editor.action.moveLinesUpAction": "Alt+Up",
        "editor.action.moveLinesDownAction": "Alt+Down",
        "editor.action.selectAll": "Ctrl+A",
        "editor.action.smartSelect.grow": "Shift+Alt+Right",
        "editor.action.smartSelect.shrink": "Shift+Alt+Left",
        "workbench.view.explorer": "Ctrl+Shift+E",
        "workbench.view.search": "Ctrl+Shift+F",
        "workbench.view.git": "Ctrl+Shift+G",
        "workbench.view.debug": "Ctrl+Shift+D",
        "workbench.view.extensions": "Ctrl+Shift+X",
        "workbench.debug.action.toggleRepl": "Ctrl+Shift+Y",
        "workbench.action.terminal.toggleTerminal": "Ctrl+`",
        "workbench.actions.view.problems": "Ctrl+Shift+M",
        "workbench.action.showCommands": "Ctrl+Shift+P",
        "workbench.action.toggleFullScreen": "F11",
        "workbench.action.splitEditor": "Ctrl+\\",
        "workbench.action.toggleEditorGroupLayout": "Shift+Alt+1",
        "workbench.action.toggleSidebarVisibility": "Ctrl+B",
        "workbench.action.togglePanel": "Ctrl+J",
        "editor.action.toggleWordWrap": "Alt+Z",
        "workbench.action.zoomIn": "Ctrl+=",
        "workbench.action.zoomOut": "Ctrl+-",
        "workbench.action.navigateBack": "Ctrl+Alt+-",
        "workbench.action.navigateForward": "Ctrl+Shift+-",
        "workbench.action.nextEditor": "Ctrl+PageDown",
        "workbench.action.previousEditor": "Ctrl+PageUp",
        "workbench.action.openNextRecentlyUsedEditorInGroup": "Ctrl+Tab",
        "workbench.action.openPreviousRecentlyUsedEditorInGroup": "Ctrl+Shift+Tab",
        "workbench.action.focusFirstEditorGroup": "Ctrl+1",
        "workbench.action.focusSecondEditorGroup": "Ctrl+2",
        "workbench.action.focusThirdEditorGroup": "Ctrl+3",
        "workbench.action.quickOpen": "Ctrl+P",
        "workbench.action.gotoSymbol": "Ctrl+Shift+O",
        "workbench.action.showAllSymbols": "Ctrl+T",
        "editor.action.goToDeclaration": "F12",
        "workbench.action.gotoLine": "Ctrl+G"
    },
    "pickerWorkingDir": "/var/www",
    "openedPathsList": {
        "files": [],
        "folders": [
            "/var/www/html"
        ]
    }
}